{
  "hash": "7e4953ec",
  "configHash": "454ebba8",
  "lockfileHash": "597c1dd9",
  "browserHash": "651271a3",
  "optimized": {
    "@angular/common": {
      "src": "../../../../../node_modules/@angular/common/fesm2022/common.mjs",
      "file": "@angular_common.js",
      "fileHash": "316a2fe8",
      "needsInterop": false
    },
    "@angular/common/http": {
      "src": "../../../../../node_modules/@angular/common/fesm2022/http.mjs",
      "file": "@angular_common_http.js",
      "fileHash": "a958077f",
      "needsInterop": false
    },
    "@angular/core": {
      "src": "../../../../../node_modules/@angular/core/fesm2022/core.mjs",
      "file": "@angular_core.js",
      "fileHash": "d040d17c",
      "needsInterop": false
    },
    "@angular/forms": {
      "src": "../../../../../node_modules/@angular/forms/fesm2022/forms.mjs",
      "file": "@angular_forms.js",
      "fileHash": "f57844a7",
      "needsInterop": false
    },
    "@angular/platform-browser": {
      "src": "../../../../../node_modules/@angular/platform-browser/fesm2022/platform-browser.mjs",
      "file": "@angular_platform-browser.js",
      "fileHash": "ab66f9e5",
      "needsInterop": false
    },
    "@angular/router": {
      "src": "../../../../../node_modules/@angular/router/fesm2022/router.mjs",
      "file": "@angular_router.js",
      "fileHash": "d3d994ed",
      "needsInterop": false
    },
    "@angular/platform-browser/animations/async": {
      "src": "../../../../../node_modules/@angular/platform-browser/fesm2022/animations/async.mjs",
      "file": "@angular_platform-browser_animations_async.js",
      "fileHash": "dbaeaef9",
      "needsInterop": false
    },
    "@angular/material/slide-toggle": {
      "src": "../../../../../node_modules/@angular/material/fesm2022/slide-toggle.mjs",
      "file": "@angular_material_slide-toggle.js",
      "fileHash": "7b4e9ba5",
      "needsInterop": false
    },
    "@angular/material/button": {
      "src": "../../../../../node_modules/@angular/material/fesm2022/button.mjs",
      "file": "@angular_material_button.js",
      "fileHash": "b1cd032d",
      "needsInterop": false
    },
    "@angular/material/icon": {
      "src": "../../../../../node_modules/@angular/material/fesm2022/icon.mjs",
      "file": "@angular_material_icon.js",
      "fileHash": "5457626e",
      "needsInterop": false
    },
    "@angular/material/divider": {
      "src": "../../../../../node_modules/@angular/material/fesm2022/divider.mjs",
      "file": "@angular_material_divider.js",
      "fileHash": "87ea5572",
      "needsInterop": false
    },
    "@angular/material/tooltip": {
      "src": "../../../../../node_modules/@angular/material/fesm2022/tooltip.mjs",
      "file": "@angular_material_tooltip.js",
      "fileHash": "c83534a4",
      "needsInterop": false
    }
  },
  "chunks": {
    "browser-5XNYCESN": {
      "file": "browser-5XNYCESN.js"
    },
    "chunk-VNS6PYIB": {
      "file": "chunk-VNS6PYIB.js"
    },
    "chunk-OR4TQZA3": {
      "file": "chunk-OR4TQZA3.js"
    },
    "chunk-HUEPA5LJ": {
      "file": "chunk-HUEPA5LJ.js"
    },
    "chunk-TKJW7MBP": {
      "file": "chunk-TKJW7MBP.js"
    },
    "chunk-H3KNSYW5": {
      "file": "chunk-H3KNSYW5.js"
    },
    "chunk-UKGMZYBX": {
      "file": "chunk-UKGMZYBX.js"
    },
    "chunk-GZ4S3PM7": {
      "file": "chunk-GZ4S3PM7.js"
    }
  }
}